id,length,gc,exon_count,isoform_count,locus,label
AT3G06125.3,353,0.3937677053824363,2,3,AT3G06125,1
AT2G45023.1,1153,0.41803989592367735,4,2,AT2G45023,1
AT3G52072.4,1346,0.4011887072808321,4,7,AT3G52072,1
AT5G43725.2,585,0.39145299145299145,2,2,AT5G43725,1
AT1G26208.3,2759,0.3936208771293947,5,6,AT1G26208,1
AT2G45245.2,765,0.40784313725490196,3,4,AT2G45245,1
AT2G32315.1,402,0.39800995024875624,1,1,AT2G32315,1
AT3G54366.1,865,0.41040462427745666,1,1,AT3G54366,1
AT2G43375.1,1576,0.35406091370558374,1,1,AT2G43375,1
AT1G16635.1,866,0.3210161662817552,1,1,AT1G16635,1
AT1G31935.1,529,0.3610586011342155,1,1,AT1G31935,1
AT3G27990.1,4107,0.39274409544679817,8,4,AT3G27990,1
AT4G15242.1,1211,0.46160198183319573,1,1,AT4G15242,1
AT2G32795.1,663,0.4253393665158371,2,1,AT2G32795,1
AT3G52748.1,436,0.3555045871559633,2,1,AT3G52748,1
AT2G26355.1,828,0.3828502415458937,1,1,AT2G26355,1
AT4G01533.1,1068,0.3838951310861423,4,1,AT4G01533,1
AT2G18440.2,1151,0.4100781928757602,4,2,AT2G18440,1
AT5G15022.1,703,0.3200568990042674,1,1,AT5G15022,1
AT2G06002.1,704,0.34517045454545453,1,1,AT2G06002,1
AT3G07215.1,1425,0.3529824561403509,2,4,AT3G07215,1
AT5G48412.1,717,0.39748953974895396,1,1,AT5G48412,1
AT2G31585.1,728,0.375,1,2,AT2G31585,1
AT3G04485.1,878,0.39749430523917995,4,1,AT3G04485,1
AT1G21529.1,755,0.40927152317880794,1,1,AT1G21529,1
AT2G44798.4,1184,0.4155405405405405,4,10,AT2G44798,1
AT1G11185.1,526,0.34980988593155893,1,1,AT1G11185,1
AT1G46554.1,952,0.38235294117647056,1,1,AT1G46554,1
AT4G06701.3,637,0.3956043956043956,4,5,AT4G06701,1
AT1G11175.1,798,0.40852130325814534,1,1,AT1G11175,1
AT3G29644.1,1012,0.4061264822134387,4,5,AT3G29644,1
AT4G20362.1,2206,0.42883046237534,2,1,AT4G20362,1
AT4G03811.1,384,0.3307291666666667,2,1,AT4G03811,1
AT5G44569.1,705,0.40283687943262414,1,1,AT5G44569,1
AT2G14878.1,876,0.4223744292237443,1,1,AT2G14878,1
AT4G14548.1,755,0.3205298013245033,1,1,AT4G14548,1
AT2G44995.1,621,0.391304347826087,3,1,AT2G44995,1
AT5G40316.1,723,0.42461964038727523,1,1,AT5G40316,1
AT5G23410.1,959,0.4171011470281543,3,1,AT5G23410,1
AT2G18735.1,958,0.3883089770354906,1,1,AT2G18735,1
AT3G45638.2,821,0.3873325213154689,1,2,AT3G45638,1
AT1G15405.1,292,0.5856164383561644,1,1,AT1G15405,1
AT3G48115.2,869,0.41196777905638665,1,2,AT3G48115,1
AT4G13495.1,842,0.35748218527315917,3,2,AT4G13495,1
AT5G07322.1,445,0.3685393258426966,1,1,AT5G07322,1
AT4G08035.1,943,0.37327677624602335,3,2,AT4G08035,1
AT2G15292.1,1253,0.42537909018355946,1,1,AT2G15292,1
AT4G01593.2,1197,0.379281537176274,4,3,AT4G01593,1
AT2G09795.1,1733,0.4177726485862666,2,3,AT2G09795,1
AT2G46192.1,827,0.37605804111245467,1,1,AT2G46192,1
AT1G10682.1,702,0.3333333333333333,1,1,AT1G10682,1
AT1G70518.1,649,0.4252696456086287,2,1,AT1G70518,1
AT1G57835.1,613,0.38825448613376834,2,1,AT1G57835,1
AT1G15175.2,1035,0.42028985507246375,2,3,AT1G15175,1
AT1G69252.1,927,0.389428263214671,1,2,AT1G69252,1
AT4G38932.1,771,0.38132295719844356,1,1,AT4G38932,1
AT1G67365.1,936,0.405982905982906,1,1,AT1G67365,1
AT1G13448.1,592,0.36824324324324326,2,1,AT1G13448,1
AT2G01422.2,533,0.3545966228893058,2,2,AT2G01422,1
AT1G67105.1,786,0.41348600508905853,1,1,AT1G67105,1
AT5G43403.1,873,0.3768613974799542,2,1,AT5G43403,1
AT5G01175.2,1007,0.3733862959285005,1,2,AT5G01175,1
AT3G52742.1,1654,0.3083434099153567,1,1,AT3G52742,1
AT2G36307.1,706,0.34560906515580736,2,1,AT2G36307,1
AT2G15555.1,1073,0.42870456663560114,1,1,AT2G15555,1
AT2G41178.2,1125,0.3502222222222222,1,2,AT2G41178,1
AT1G58590.2,789,0.34220532319391633,2,2,AT1G58590,1
AT3G44798.1,720,0.3680555555555556,1,1,AT3G44798,1
AT2G41312.2,523,0.37858508604206503,1,2,AT2G41312,1
AT1G64618.1,494,0.4149797570850202,1,1,AT1G64618,1
AT3G13277.1,1514,0.3870541611624835,1,1,AT3G13277,1
AT4G40065.1,1083,0.3804247460757156,1,1,AT4G40065,1
AT3G57157.1,237,0.45569620253164556,1,1,AT3G57157,1
AT5G03285.1,204,0.5098039215686274,1,1,AT5G03285,1
AT3G59765.3,511,0.38551859099804303,3,3,AT3G59765,1
AT3G27884.3,1327,0.34890730972117556,4,3,AT3G27884,1
AT5G24735.1,585,0.4017094017094017,2,1,AT5G24735,1
AT1G04425.1,457,0.4048140043763676,3,1,AT1G04425,1
AT1G34418.1,516,0.374031007751938,2,1,AT1G34418,1
AT1G26558.1,483,0.4057971014492754,5,2,AT1G26558,1
AT1G18745.1,968,0.3367768595041322,1,1,AT1G18745,1
AT3G61198.1,622,0.43729903536977494,2,1,AT3G61198,1
AT2G42485.1,488,0.42213114754098363,1,1,AT2G42485,1
AT4G36648.1,2105,0.38004750593824227,2,1,AT4G36648,1
AT3G54625.1,267,0.39325842696629215,2,3,AT3G54625,0
AT5G60022.2,1247,0.3937449879711307,4,2,AT5G60022,0
AT4G26795.1,1415,0.4028268551236749,4,7,AT4G26795,0
AT1G49832.2,587,0.3901192504258944,2,2,AT1G49832,0
AT5G10965.2,2560,0.3875,4,5,AT5G10965,0
AT5G26146.1,703,0.406827880512091,3,4,AT5G26146,0
AT3G01775.1,390,0.3974358974358974,1,1,AT3G01775,0
AT1G07667.1,860,0.40930232558139534,1,1,AT1G07667,0
AT1G66173.1,1483,0.32299393122049896,1,1,AT1G66173,0
AT2G06995.1,856,0.3212616822429907,1,1,AT2G06995,0
AT1G05487.1,533,0.3621013133208255,1,1,AT1G05487,0
AT1G33415.1,4235,0.42432113341204253,6,5,AT1G33415,0
AT1G04887.1,1309,0.46218487394957986,1,1,AT1G04887,0
AT3G60238.1,679,0.4270986745213549,2,1,AT3G60238,0
AT3G09775.1,432,0.3541666666666667,2,1,AT3G09775,0
AT4G04077.1,826,0.387409200968523,1,1,AT4G04077,0
AT3G26612.1,919,0.37758433079434167,4,1,AT3G26612,0
AT5G60022.2,1247,0.3937449879711307,4,2,AT5G60022,0
AT3G04775.1,687,0.32168850072780203,1,1,AT3G04775,0
AT3G07825.1,699,0.3447782546494993,1,1,AT3G07825,0
AT4G27852.1,1423,0.39985945186226285,2,4,AT4G27852,0
AT1G07783.1,716,0.39664804469273746,1,1,AT1G07783,0
AT4G31398.1,921,0.3550488599348534,1,2,AT4G31398,0
AT5G28824.1,723,0.40110650069156295,4,1,AT5G28824,0
AT1G06473.1,790,0.40759493670886077,1,1,AT1G06473,0
AT2G33051.1,2510,0.4131474103585657,4,9,AT2G33051,0
AT3G04325.1,523,0.34990439770554493,1,1,AT3G04325,0
AT2G07305.1,967,0.3795243019648397,1,1,AT2G07305,0
AT5G36002.1,1445,0.4228373702422145,4,5,AT5G36002,0
AT1G06473.1,790,0.40759493670886077,1,1,AT1G06473,0
AT5G36002.1,1445,0.4228373702422145,4,5,AT5G36002,0
AT3G57965.1,2094,0.3982808022922636,2,1,AT3G57965,0
AT3G03645.1,375,0.336,2,1,AT3G03645,0
AT1G07683.1,682,0.4032258064516129,1,1,AT1G07683,0
AT2G07175.1,860,0.42209302325581394,1,1,AT2G07175,0
AT5G08775.1,710,0.323943661971831,1,1,AT5G08775,0
AT2G42388.1,631,0.39144215530903326,3,1,AT2G42388,0
AT2G06435.1,717,0.4198047419804742,1,1,AT2G06435,0
AT3G20978.1,932,0.4259656652360515,3,1,AT3G20978,0
AT2G08460.1,956,0.3901673640167364,1,1,AT2G08460,0
AT4G31398.1,921,0.3550488599348534,1,2,AT4G31398,0
AT2G09250.1,299,0.5752508361204013,1,1,AT2G09250,0
AT1G22403.2,1141,0.39351446099912357,1,2,AT1G22403,0
AT2G22955.1,546,0.3534798534798535,3,2,AT2G22955,0
AT5G05665.1,450,0.3688888888888889,1,1,AT5G05665,0
AT1G03545.1,1223,0.3875715453802126,3,2,AT1G03545,0
AT1G05183.1,1301,0.4296694850115296,1,1,AT1G05183,0
AT5G00780.1,911,0.4138309549945115,4,3,AT5G00780,0
AT1G56612.2,1671,0.4087372830640335,2,3,AT1G56612,0
AT4G03895.1,799,0.376720901126408,1,1,AT4G03895,0
AT2G30984.1,710,0.33380281690140845,1,1,AT2G30984,0
AT3G60238.1,679,0.4270986745213549,2,1,AT3G60238,0
AT5G37485.1,616,0.387987012987013,2,1,AT5G37485,0
AT5G67488.1,916,0.42248908296943233,2,3,AT5G67488,0
AT1G22403.2,1141,0.39351446099912357,1,2,AT1G22403,0
AT5G04505.1,766,0.3785900783289817,1,1,AT5G04505,0
AT1G05347.1,885,0.41129943502824856,1,1,AT1G05347,0
AT4G12917.1,553,0.36528028933092227,2,1,AT4G12917,0
AT3G17185.1,555,0.3567567567567568,2,2,AT3G17185,0
AT1G07477.1,802,0.4164588528678304,1,1,AT1G07477,0
AT1G06963.1,826,0.3728813559322034,2,1,AT1G06963,0
AT4G31398.1,921,0.3550488599348534,1,2,AT4G31398,0
AT3G03225.1,1514,0.31175693527080584,1,1,AT3G03225,0
AT5G05995.1,674,0.35014836795252224,2,1,AT5G05995,0
AT1G05837.1,1005,0.42686567164179107,1,1,AT1G05837,0
AT4G31398.1,921,0.3550488599348534,1,2,AT4G31398,0
AT1G52347.1,656,0.36585365853658536,2,2,AT1G52347,0
AT1G07933.1,734,0.36648501362397823,1,1,AT1G07933,0
AT2G09305.1,388,0.37628865979381443,1,2,AT2G09305,0
AT1G06407.1,491,0.4134419551934827,1,1,AT1G06407,0
AT1G08387.1,1587,0.3868935097668557,1,1,AT1G08387,0
AT1G06883.1,1027,0.3777994157740993,1,1,AT1G06883,0
AT3G07275.1,239,0.4560669456066946,1,1,AT3G07275,0
AT3G01165.1,210,0.5095238095238095,1,1,AT3G01165,0
AT4G07405.1,435,0.38620689655172413,2,3,AT4G07405,0
AT4G30975.3,1755,0.3623931623931624,4,3,AT4G30975,0
AT1G04295.1,552,0.4057971014492754,2,1,AT1G04295,0
AT5G01765.1,533,0.4052532833020638,3,1,AT5G01765,0
AT1G08507.1,536,0.375,2,1,AT1G08507,0
AT2G32179.1,1004,0.3884462151394422,4,2,AT2G32179,0
AT2G27400.1,930,0.33763440860215055,1,1,AT2G27400,0
AT5G06665.1,646,0.43808049535603716,2,1,AT5G06665,0
AT1G07623.1,489,0.4233128834355828,1,1,AT1G07623,0
AT3G57965.1,2094,0.3982808022922636,2,1,AT3G57965,0
